DATAFLOW,LAST UPDATE,freq,na_item,unit,geo,TIME_PERIOD,OBS_VALUE,OBS_FLAG,CONF_STATUS
ESTAT:TIPSNA70(1.0),26/06/26 23:00:00,Annual,Real labour productivity per hour worked,"Index, 2015=100",Austria,2021,104.541,,
ESTAT:TIPSNA70(1.0),26/06/26 23:00:00,Annual,Real labour productivity per hour worked,"Index, 2015=100",Austria,2023,105.850,,
ESTAT:TIPSNA70(1.0),26/06/26 23:00:00,Annual,Real labour productivity per hour worked,"Index, 2015=100",Austria,2025,105.319,,
ESTAT:TIPSNA70(1.0),26/06/26 23:00:00,Annual,Real labour productivity per hour worked,"Index, 2015=100",Belgium,2021,102.786,,
ESTAT:TIPSNA70(1.0),26/06/26 23:00:00,Annual,Real labour productivity per hour worked,"Index, 2015=100",Belgium,2023,103.059,,
ESTAT:TIPSNA70(1.0),26/06/26 23:00:00,Annual,Real labour productivity per hour worked,"Index, 2015=100",Belgium,2025,104.885,p,
ESTAT:TIPSNA70(1.0),26/06/26 23:00:00,Annual,Real labour productivity per hour worked,"Index, 2015=100",Bulgaria,2021,120.474,,
ESTAT:TIPSNA70(1.0),26/06/26 23:00:00,Annual,Real labour productivity per hour worked,"Index, 2015=100",Bulgaria,2023,121.921,,
ESTAT:TIPSNA70(1.0),26/06/26 23:00:00,Annual,Real labour productivity per hour worked,"Index, 2015=100",Bulgaria,2025,129.753,p,
ESTAT:TIPSNA70(1.0),26/06/26 23:00:00,Annual,Real labour productivity per hour worked,"Index, 2015=100",Cyprus,2021,109.223,,
ESTAT:TIPSNA70(1.0),26/06/26 23:00:00,Annual,Real labour productivity per hour worked,"Index, 2015=100",Cyprus,2023,113.817,,
ESTAT:TIPSNA70(1.0),26/06/26 23:00:00,Annual,Real labour productivity per hour worked,"Index, 2015=100",Cyprus,2025,117.038,p,
ESTAT:TIPSNA70(1.0),26/06/26 23:00:00,Annual,Real labour productivity per hour worked,"Index, 2015=100",Czechia,2021,112.766,,
ESTAT:TIPSNA70(1.0),26/06/26 23:00:00,Annual,Real labour productivity per hour worked,"Index, 2015=100",Czechia,2023,109.185,,
ESTAT:TIPSNA70(1.0),26/06/26 23:00:00,Annual,Real labour productivity per hour worked,"Index, 2015=100",Czechia,2025,109.034,,
ESTAT:TIPSNA70(1.0),26/06/26 23:00:00,Annual,Real labour productivity per hour worked,"Index, 2015=100",Germany,2021,106.992,,
ESTAT:TIPSNA70(1.0),26/06/26 23:00:00,Annual,Real labour productivity per hour worked,"Index, 2015=100",Germany,2023,106.074,p,
ESTAT:TIPSNA70(1.0),26/06/26 23:00:00,Annual,Real labour productivity per hour worked,"Index, 2015=100",Germany,2025,106.221,p,
ESTAT:TIPSNA70(1.0),26/06/26 23:00:00,Annual,Real labour productivity per hour worked,"Index, 2015=100",Denmark,2021,108.516,,
ESTAT:TIPSNA70(1.0),26/06/26 23:00:00,Annual,Real labour productivity per hour worked,"Index, 2015=100",Denmark,2023,105.340,,
ESTAT:TIPSNA70(1.0),26/06/26 23:00:00,Annual,Real labour productivity per hour worked,"Index, 2015=100",Denmark,2025,110.566,,
ESTAT:TIPSNA70(1.0),26/06/26 23:00:00,Annual,Real labour productivity per hour worked,"Index, 2015=100",Euro area – 20 countries (2023-2025),2021,104.844,,
ESTAT:TIPSNA70(1.0),26/06/26 23:00:00,Annual,Real labour productivity per hour worked,"Index, 2015=100",Euro area – 20 countries (2023-2025),2023,103.460,,
ESTAT:TIPSNA70(1.0),26/06/26 23:00:00,Annual,Real labour productivity per hour worked,"Index, 2015=100",Euro area – 20 countries (2023-2025),2025,104.309,,
ESTAT:TIPSNA70(1.0),26/06/26 23:00:00,Annual,Real labour productivity per hour worked,"Index, 2015=100",Euro area – 21 countries (from 2026),2021,105.017,,
ESTAT:TIPSNA70(1.0),26/06/26 23:00:00,Annual,Real labour productivity per hour worked,"Index, 2015=100",Euro area – 21 countries (from 2026),2023,103.661,,
ESTAT:TIPSNA70(1.0),26/06/26 23:00:00,Annual,Real labour productivity per hour worked,"Index, 2015=100",Euro area – 21 countries (from 2026),2025,104.570,,
ESTAT:TIPSNA70(1.0),26/06/26 23:00:00,Annual,Real labour productivity per hour worked,"Index, 2015=100",Estonia,2021,130.282,,
ESTAT:TIPSNA70(1.0),26/06/26 23:00:00,Annual,Real labour productivity per hour worked,"Index, 2015=100",Estonia,2023,117.361,,
ESTAT:TIPSNA70(1.0),26/06/26 23:00:00,Annual,Real labour productivity per hour worked,"Index, 2015=100",Estonia,2025,118.010,,
ESTAT:TIPSNA70(1.0),26/06/26 23:00:00,Annual,Real labour productivity per hour worked,"Index, 2015=100",Greece,2021,96.882,,
ESTAT:TIPSNA70(1.0),26/06/26 23:00:00,Annual,Real labour productivity per hour worked,"Index, 2015=100",Greece,2023,96.826,p,
ESTAT:TIPSNA70(1.0),26/06/26 23:00:00,Annual,Real labour productivity per hour worked,"Index, 2015=100",Greece,2025,100.191,p,
ESTAT:TIPSNA70(1.0),26/06/26 23:00:00,Annual,Real labour productivity per hour worked,"Index, 2015=100",Spain,2021,100.784,,
ESTAT:TIPSNA70(1.0),26/06/26 23:00:00,Annual,Real labour productivity per hour worked,"Index, 2015=100",Spain,2023,101.825,p,
ESTAT:TIPSNA70(1.0),26/06/26 23:00:00,Annual,Real labour productivity per hour worked,"Index, 2015=100",Spain,2025,103.807,p,
ESTAT:TIPSNA70(1.0),26/06/26 23:00:00,Annual,Real labour productivity per hour worked,"Index, 2015=100",European Union - 27 countries (from 2020),2021,105.691,,
ESTAT:TIPSNA70(1.0),26/06/26 23:00:00,Annual,Real labour productivity per hour worked,"Index, 2015=100",European Union - 27 countries (from 2020),2023,105.287,,
ESTAT:TIPSNA70(1.0),26/06/26 23:00:00,Annual,Real labour productivity per hour worked,"Index, 2015=100",European Union - 27 countries (from 2020),2025,107.014,,
ESTAT:TIPSNA70(1.0),26/06/26 23:00:00,Annual,Real labour productivity per hour worked,"Index, 2015=100",Finland,2021,105.298,,
ESTAT:TIPSNA70(1.0),26/06/26 23:00:00,Annual,Real labour productivity per hour worked,"Index, 2015=100",Finland,2023,101.971,,
ESTAT:TIPSNA70(1.0),26/06/26 23:00:00,Annual,Real labour productivity per hour worked,"Index, 2015=100",Finland,2025,105.273,,
ESTAT:TIPSNA70(1.0),26/06/26 23:00:00,Annual,Real labour productivity per hour worked,"Index, 2015=100",France,2021,101.306,,
ESTAT:TIPSNA70(1.0),26/06/26 23:00:00,Annual,Real labour productivity per hour worked,"Index, 2015=100",France,2023,100.123,,
ESTAT:TIPSNA70(1.0),26/06/26 23:00:00,Annual,Real labour productivity per hour worked,"Index, 2015=100",France,2025,101.654,p,
ESTAT:TIPSNA70(1.0),26/06/26 23:00:00,Annual,Real labour productivity per hour worked,"Index, 2015=100",Croatia,2021,113.289,,
ESTAT:TIPSNA70(1.0),26/06/26 23:00:00,Annual,Real labour productivity per hour worked,"Index, 2015=100",Croatia,2023,121.755,,
ESTAT:TIPSNA70(1.0),26/06/26 23:00:00,Annual,Real labour productivity per hour worked,"Index, 2015=100",Croatia,2025,123.740,p,
ESTAT:TIPSNA70(1.0),26/06/26 23:00:00,Annual,Real labour productivity per hour worked,"Index, 2015=100",Hungary,2021,115.307,,
ESTAT:TIPSNA70(1.0),26/06/26 23:00:00,Annual,Real labour productivity per hour worked,"Index, 2015=100",Hungary,2023,117.911,,
ESTAT:TIPSNA70(1.0),26/06/26 23:00:00,Annual,Real labour productivity per hour worked,"Index, 2015=100",Hungary,2025,118.558,p,
ESTAT:TIPSNA70(1.0),26/06/26 23:00:00,Annual,Real labour productivity per hour worked,"Index, 2015=100",Ireland,2021,136.762,,
ESTAT:TIPSNA70(1.0),26/06/26 23:00:00,Annual,Real labour productivity per hour worked,"Index, 2015=100",Ireland,2023,129.263,,
ESTAT:TIPSNA70(1.0),26/06/26 23:00:00,Annual,Real labour productivity per hour worked,"Index, 2015=100",Ireland,2025,143.548,,
ESTAT:TIPSNA70(1.0),26/06/26 23:00:00,Annual,Real labour productivity per hour worked,"Index, 2015=100",Italy,2021,102.361,,
ESTAT:TIPSNA70(1.0),26/06/26 23:00:00,Annual,Real labour productivity per hour worked,"Index, 2015=100",Italy,2023,100.704,,
ESTAT:TIPSNA70(1.0),26/06/26 23:00:00,Annual,Real labour productivity per hour worked,"Index, 2015=100",Italy,2025,98.758,,
ESTAT:TIPSNA70(1.0),26/06/26 23:00:00,Annual,Real labour productivity per hour worked,"Index, 2015=100",Lithuania,2021,125.740,,
ESTAT:TIPSNA70(1.0),26/06/26 23:00:00,Annual,Real labour productivity per hour worked,"Index, 2015=100",Lithuania,2023,120.342,,
ESTAT:TIPSNA70(1.0),26/06/26 23:00:00,Annual,Real labour productivity per hour worked,"Index, 2015=100",Lithuania,2025,124.169,,
ESTAT:TIPSNA70(1.0),26/06/26 23:00:00,Annual,Real labour productivity per hour worked,"Index, 2015=100",Luxembourg,2021,101.615,,
ESTAT:TIPSNA70(1.0),26/06/26 23:00:00,Annual,Real labour productivity per hour worked,"Index, 2015=100",Luxembourg,2023,96.104,,
ESTAT:TIPSNA70(1.0),26/06/26 23:00:00,Annual,Real labour productivity per hour worked,"Index, 2015=100",Luxembourg,2025,95.457,p,
ESTAT:TIPSNA70(1.0),26/06/26 23:00:00,Annual,Real labour productivity per hour worked,"Index, 2015=100",Latvia,2021,117.657,,
ESTAT:TIPSNA70(1.0),26/06/26 23:00:00,Annual,Real labour productivity per hour worked,"Index, 2015=100",Latvia,2023,116.079,,
ESTAT:TIPSNA70(1.0),26/06/26 23:00:00,Annual,Real labour productivity per hour worked,"Index, 2015=100",Latvia,2025,122.048,,
ESTAT:TIPSNA70(1.0),26/06/26 23:00:00,Annual,Real labour productivity per hour worked,"Index, 2015=100",Malta,2021,108.792,,
ESTAT:TIPSNA70(1.0),26/06/26 23:00:00,Annual,Real labour productivity per hour worked,"Index, 2015=100",Malta,2023,109.550,,
ESTAT:TIPSNA70(1.0),26/06/26 23:00:00,Annual,Real labour productivity per hour worked,"Index, 2015=100",Malta,2025,111.029,,
ESTAT:TIPSNA70(1.0),26/06/26 23:00:00,Annual,Real labour productivity per hour worked,"Index, 2015=100",Netherlands,2021,101.635,,
ESTAT:TIPSNA70(1.0),26/06/26 23:00:00,Annual,Real labour productivity per hour worked,"Index, 2015=100",Netherlands,2023,100.780,p,
ESTAT:TIPSNA70(1.0),26/06/26 23:00:00,Annual,Real labour productivity per hour worked,"Index, 2015=100",Netherlands,2025,102.953,p,
ESTAT:TIPSNA70(1.0),26/06/26 23:00:00,Annual,Real labour productivity per hour worked,"Index, 2015=100",Poland,2021,116.365,,
ESTAT:TIPSNA70(1.0),26/06/26 23:00:00,Annual,Real labour productivity per hour worked,"Index, 2015=100",Poland,2023,122.715,,
ESTAT:TIPSNA70(1.0),26/06/26 23:00:00,Annual,Real labour productivity per hour worked,"Index, 2015=100",Poland,2025,134.332,p,
ESTAT:TIPSNA70(1.0),26/06/26 23:00:00,Annual,Real labour productivity per hour worked,"Index, 2015=100",Portugal,2021,103.167,,
ESTAT:TIPSNA70(1.0),26/06/26 23:00:00,Annual,Real labour productivity per hour worked,"Index, 2015=100",Portugal,2023,102.209,,
ESTAT:TIPSNA70(1.0),26/06/26 23:00:00,Annual,Real labour productivity per hour worked,"Index, 2015=100",Portugal,2025,103.552,p,
ESTAT:TIPSNA70(1.0),26/06/26 23:00:00,Annual,Real labour productivity per hour worked,"Index, 2015=100",Romania,2021,121.398,,
ESTAT:TIPSNA70(1.0),26/06/26 23:00:00,Annual,Real labour productivity per hour worked,"Index, 2015=100",Romania,2023,132.611,,
ESTAT:TIPSNA70(1.0),26/06/26 23:00:00,Annual,Real labour productivity per hour worked,"Index, 2015=100",Romania,2025,133.769,p,
ESTAT:TIPSNA70(1.0),26/06/26 23:00:00,Annual,Real labour productivity per hour worked,"Index, 2015=100",Sweden,2021,106.693,,
ESTAT:TIPSNA70(1.0),26/06/26 23:00:00,Annual,Real labour productivity per hour worked,"Index, 2015=100",Sweden,2023,103.466,,
ESTAT:TIPSNA70(1.0),26/06/26 23:00:00,Annual,Real labour productivity per hour worked,"Index, 2015=100",Sweden,2025,108.755,,
ESTAT:TIPSNA70(1.0),26/06/26 23:00:00,Annual,Real labour productivity per hour worked,"Index, 2015=100",Slovenia,2021,115.696,,
ESTAT:TIPSNA70(1.0),26/06/26 23:00:00,Annual,Real labour productivity per hour worked,"Index, 2015=100",Slovenia,2023,116.879,,
ESTAT:TIPSNA70(1.0),26/06/26 23:00:00,Annual,Real labour productivity per hour worked,"Index, 2015=100",Slovenia,2025,119.224,,
ESTAT:TIPSNA70(1.0),26/06/26 23:00:00,Annual,Real labour productivity per hour worked,"Index, 2015=100",Slovakia,2021,121.119,,
ESTAT:TIPSNA70(1.0),26/06/26 23:00:00,Annual,Real labour productivity per hour worked,"Index, 2015=100",Slovakia,2023,118.631,,
ESTAT:TIPSNA70(1.0),26/06/26 23:00:00,Annual,Real labour productivity per hour worked,"Index, 2015=100",Slovakia,2025,122.677,,
ESTAT:TIPSNA70(1.0),26/06/26 23:00:00,Annual,Real labour productivity per hour worked,Percentage change on previous period,Austria,2021,0.0,,
ESTAT:TIPSNA70(1.0),26/06/26 23:00:00,Annual,Real labour productivity per hour worked,Percentage change on previous period,Austria,2023,-1.4,,
ESTAT:TIPSNA70(1.0),26/06/26 23:00:00,Annual,Real labour productivity per hour worked,Percentage change on previous period,Austria,2025,0.3,,
ESTAT:TIPSNA70(1.0),26/06/26 23:00:00,Annual,Real labour productivity per hour worked,Percentage change on previous period,Belgium,2021,-1.7,,
ESTAT:TIPSNA70(1.0),26/06/26 23:00:00,Annual,Real labour productivity per hour worked,Percentage change on previous period,Belgium,2023,0.7,,
ESTAT:TIPSNA70(1.0),26/06/26 23:00:00,Annual,Real labour productivity per hour worked,Percentage change on previous period,Belgium,2025,0.4,p,
ESTAT:TIPSNA70(1.0),26/06/26 23:00:00,Annual,Real labour productivity per hour worked,Percentage change on previous period,Bulgaria,2021,7.0,,
ESTAT:TIPSNA70(1.0),26/06/26 23:00:00,Annual,Real labour productivity per hour worked,Percentage change on previous period,Bulgaria,2023,-1.8,,
ESTAT:TIPSNA70(1.0),26/06/26 23:00:00,Annual,Real labour productivity per hour worked,Percentage change on previous period,Bulgaria,2025,1.9,p,
ESTAT:TIPSNA70(1.0),26/06/26 23:00:00,Annual,Real labour productivity per hour worked,Percentage change on previous period,Cyprus,2021,2.7,,
ESTAT:TIPSNA70(1.0),26/06/26 23:00:00,Annual,Real labour productivity per hour worked,Percentage change on previous period,Cyprus,2023,0.7,,
ESTAT:TIPSNA70(1.0),26/06/26 23:00:00,Annual,Real labour productivity per hour worked,Percentage change on previous period,Cyprus,2025,1.4,p,
ESTAT:TIPSNA70(1.0),26/06/26 23:00:00,Annual,Real labour productivity per hour worked,Percentage change on previous period,Czechia,2021,0.1,,
ESTAT:TIPSNA70(1.0),26/06/26 23:00:00,Annual,Real labour productivity per hour worked,Percentage change on previous period,Czechia,2023,-1.7,,
ESTAT:TIPSNA70(1.0),26/06/26 23:00:00,Annual,Real labour productivity per hour worked,Percentage change on previous period,Czechia,2025,0.5,,
ESTAT:TIPSNA70(1.0),26/06/26 23:00:00,Annual,Real labour productivity per hour worked,Percentage change on previous period,Germany,2021,1.6,,
ESTAT:TIPSNA70(1.0),26/06/26 23:00:00,Annual,Real labour productivity per hour worked,Percentage change on previous period,Germany,2023,-1.2,p,
ESTAT:TIPSNA70(1.0),26/06/26 23:00:00,Annual,Real labour productivity per hour worked,Percentage change on previous period,Germany,2025,0.4,p,
ESTAT:TIPSNA70(1.0),26/06/26 23:00:00,Annual,Real labour productivity per hour worked,Percentage change on previous period,Denmark,2021,0.5,,
ESTAT:TIPSNA70(1.0),26/06/26 23:00:00,Annual,Real labour productivity per hour worked,Percentage change on previous period,Denmark,2023,0.3,,
ESTAT:TIPSNA70(1.0),26/06/26 23:00:00,Annual,Real labour productivity per hour worked,Percentage change on previous period,Denmark,2025,1.9,,
ESTAT:TIPSNA70(1.0),26/06/26 23:00:00,Annual,Real labour productivity per hour worked,Percentage change on previous period,Euro area – 20 countries (2023-2025),2021,0.3,,
ESTAT:TIPSNA70(1.0),26/06/26 23:00:00,Annual,Real labour productivity per hour worked,Percentage change on previous period,Euro area – 20 countries (2023-2025),2023,-1.2,,
ESTAT:TIPSNA70(1.0),26/06/26 23:00:00,Annual,Real labour productivity per hour worked,Percentage change on previous period,Euro area – 20 countries (2023-2025),2025,1.0,,
ESTAT:TIPSNA70(1.0),26/06/26 23:00:00,Annual,Real labour productivity per hour worked,Percentage change on previous period,Euro area – 21 countries (from 2026),2021,0.4,,
ESTAT:TIPSNA70(1.0),26/06/26 23:00:00,Annual,Real labour productivity per hour worked,Percentage change on previous period,Euro area – 21 countries (from 2026),2023,-1.2,,
ESTAT:TIPSNA70(1.0),26/06/26 23:00:00,Annual,Real labour productivity per hour worked,Percentage change on previous period,Euro area – 21 countries (from 2026),2025,1.0,,
ESTAT:TIPSNA70(1.0),26/06/26 23:00:00,Annual,Real labour productivity per hour worked,Percentage change on previous period,Estonia,2021,8.9,,
ESTAT:TIPSNA70(1.0),26/06/26 23:00:00,Annual,Real labour productivity per hour worked,Percentage change on previous period,Estonia,2023,-6.0,,
ESTAT:TIPSNA70(1.0),26/06/26 23:00:00,Annual,Real labour productivity per hour worked,Percentage change on previous period,Estonia,2025,1.2,,
ESTAT:TIPSNA70(1.0),26/06/26 23:00:00,Annual,Real labour productivity per hour worked,Percentage change on previous period,Greece,2021,-3.2,,
ESTAT:TIPSNA70(1.0),26/06/26 23:00:00,Annual,Real labour productivity per hour worked,Percentage change on previous period,Greece,2023,0.1,p,
ESTAT:TIPSNA70(1.0),26/06/26 23:00:00,Annual,Real labour productivity per hour worked,Percentage change on previous period,Greece,2025,2.6,p,
ESTAT:TIPSNA70(1.0),26/06/26 23:00:00,Annual,Real labour productivity per hour worked,Percentage change on previous period,Spain,2021,-0.5,,
ESTAT:TIPSNA70(1.0),26/06/26 23:00:00,Annual,Real labour productivity per hour worked,Percentage change on previous period,Spain,2023,-0.2,p,
ESTAT:TIPSNA70(1.0),26/06/26 23:00:00,Annual,Real labour productivity per hour worked,Percentage change on previous period,Spain,2025,0.7,p,
ESTAT:TIPSNA70(1.0),26/06/26 23:00:00,Annual,Real labour productivity per hour worked,Percentage change on previous period,European Union - 27 countries (from 2020),2021,0.6,,
ESTAT:TIPSNA70(1.0),26/06/26 23:00:00,Annual,Real labour productivity per hour worked,Percentage change on previous period,European Union - 27 countries (from 2020),2023,-0.8,,
ESTAT:TIPSNA70(1.0),26/06/26 23:00:00,Annual,Real labour productivity per hour worked,Percentage change on previous period,European Union - 27 countries (from 2020),2025,1.4,,
ESTAT:TIPSNA70(1.0),26/06/26 23:00:00,Annual,Real labour productivity per hour worked,Percentage change on previous period,Finland,2021,0.5,,
ESTAT:TIPSNA70(1.0),26/06/26 23:00:00,Annual,Real labour productivity per hour worked,Percentage change on previous period,Finland,2023,-1.4,,
ESTAT:TIPSNA70(1.0),26/06/26 23:00:00,Annual,Real labour productivity per hour worked,Percentage change on previous period,Finland,2025,1.5,,
ESTAT:TIPSNA70(1.0),26/06/26 23:00:00,Annual,Real labour productivity per hour worked,Percentage change on previous period,France,2021,-1.4,,
ESTAT:TIPSNA70(1.0),26/06/26 23:00:00,Annual,Real labour productivity per hour worked,Percentage change on previous period,France,2023,0.4,,
ESTAT:TIPSNA70(1.0),26/06/26 23:00:00,Annual,Real labour productivity per hour worked,Percentage change on previous period,France,2025,1.5,p,
ESTAT:TIPSNA70(1.0),26/06/26 23:00:00,Annual,Real labour productivity per hour worked,Percentage change on previous period,Croatia,2021,11.1,,
ESTAT:TIPSNA70(1.0),26/06/26 23:00:00,Annual,Real labour productivity per hour worked,Percentage change on previous period,Croatia,2023,1.4,,
ESTAT:TIPSNA70(1.0),26/06/26 23:00:00,Annual,Real labour productivity per hour worked,Percentage change on previous period,Croatia,2025,2.4,p,
ESTAT:TIPSNA70(1.0),26/06/26 23:00:00,Annual,Real labour productivity per hour worked,Percentage change on previous period,Hungary,2021,2.8,,
ESTAT:TIPSNA70(1.0),26/06/26 23:00:00,Annual,Real labour productivity per hour worked,Percentage change on previous period,Hungary,2023,0.3,,
ESTAT:TIPSNA70(1.0),26/06/26 23:00:00,Annual,Real labour productivity per hour worked,Percentage change on previous period,Hungary,2025,0.1,p,
ESTAT:TIPSNA70(1.0),26/06/26 23:00:00,Annual,Real labour productivity per hour worked,Percentage change on previous period,Ireland,2021,8.1,,
ESTAT:TIPSNA70(1.0),26/06/26 23:00:00,Annual,Real labour productivity per hour worked,Percentage change on previous period,Ireland,2023,-4.2,,
ESTAT:TIPSNA70(1.0),26/06/26 23:00:00,Annual,Real labour productivity per hour worked,Percentage change on previous period,Ireland,2025,10.5,,
ESTAT:TIPSNA70(1.0),26/06/26 23:00:00,Annual,Real labour productivity per hour worked,Percentage change on previous period,Italy,2021,-1.2,,
ESTAT:TIPSNA70(1.0),26/06/26 23:00:00,Annual,Real labour productivity per hour worked,Percentage change on previous period,Italy,2023,-2.1,,
ESTAT:TIPSNA70(1.0),26/06/26 23:00:00,Annual,Real labour productivity per hour worked,Percentage change on previous period,Italy,2025,-0.6,,
ESTAT:TIPSNA70(1.0),26/06/26 23:00:00,Annual,Real labour productivity per hour worked,Percentage change on previous period,Lithuania,2021,3.5,,
ESTAT:TIPSNA70(1.0),26/06/26 23:00:00,Annual,Real labour productivity per hour worked,Percentage change on previous period,Lithuania,2023,-1.6,,
ESTAT:TIPSNA70(1.0),26/06/26 23:00:00,Annual,Real labour productivity per hour worked,Percentage change on previous period,Lithuania,2025,2.9,,
ESTAT:TIPSNA70(1.0),26/06/26 23:00:00,Annual,Real labour productivity per hour worked,Percentage change on previous period,Luxembourg,2021,-2.2,,
ESTAT:TIPSNA70(1.0),26/06/26 23:00:00,Annual,Real labour productivity per hour worked,Percentage change on previous period,Luxembourg,2023,-1.5,,
ESTAT:TIPSNA70(1.0),26/06/26 23:00:00,Annual,Real labour productivity per hour worked,Percentage change on previous period,Luxembourg,2025,0.0,p,
ESTAT:TIPSNA70(1.0),26/06/26 23:00:00,Annual,Real labour productivity per hour worked,Percentage change on previous period,Latvia,2021,6.5,,
ESTAT:TIPSNA70(1.0),26/06/26 23:00:00,Annual,Real labour productivity per hour worked,Percentage change on previous period,Latvia,2023,-1.0,,
ESTAT:TIPSNA70(1.0),26/06/26 23:00:00,Annual,Real labour productivity per hour worked,Percentage change on previous period,Latvia,2025,4.2,,
ESTAT:TIPSNA70(1.0),26/06/26 23:00:00,Annual,Real labour productivity per hour worked,Percentage change on previous period,Malta,2021,9.6,,
ESTAT:TIPSNA70(1.0),26/06/26 23:00:00,Annual,Real labour productivity per hour worked,Percentage change on previous period,Malta,2023,3.4,,
ESTAT:TIPSNA70(1.0),26/06/26 23:00:00,Annual,Real labour productivity per hour worked,Percentage change on previous period,Malta,2025,-0.9,,
ESTAT:TIPSNA70(1.0),26/06/26 23:00:00,Annual,Real labour productivity per hour worked,Percentage change on previous period,Netherlands,2021,1.6,,
ESTAT:TIPSNA70(1.0),26/06/26 23:00:00,Annual,Real labour productivity per hour worked,Percentage change on previous period,Netherlands,2023,-1.9,p,
ESTAT:TIPSNA70(1.0),26/06/26 23:00:00,Annual,Real labour productivity per hour worked,Percentage change on previous period,Netherlands,2025,2.4,p,
ESTAT:TIPSNA70(1.0),26/06/26 23:00:00,Annual,Real labour productivity per hour worked,Percentage change on previous period,Poland,2021,1.2,,
ESTAT:TIPSNA70(1.0),26/06/26 23:00:00,Annual,Real labour productivity per hour worked,Percentage change on previous period,Poland,2023,0.8,,
ESTAT:TIPSNA70(1.0),26/06/26 23:00:00,Annual,Real labour productivity per hour worked,Percentage change on previous period,Poland,2025,4.1,p,
ESTAT:TIPSNA70(1.0),26/06/26 23:00:00,Annual,Real labour productivity per hour worked,Percentage change on previous period,Portugal,2021,1.0,,
ESTAT:TIPSNA70(1.0),26/06/26 23:00:00,Annual,Real labour productivity per hour worked,Percentage change on previous period,Portugal,2023,-1.7,,
ESTAT:TIPSNA70(1.0),26/06/26 23:00:00,Annual,Real labour productivity per hour worked,Percentage change on previous period,Portugal,2025,0.0,p,
ESTAT:TIPSNA70(1.0),26/06/26 23:00:00,Annual,Real labour productivity per hour worked,Percentage change on previous period,Romania,2021,0.9,,
ESTAT:TIPSNA70(1.0),26/06/26 23:00:00,Annual,Real labour productivity per hour worked,Percentage change on previous period,Romania,2023,4.4,,
ESTAT:TIPSNA70(1.0),26/06/26 23:00:00,Annual,Real labour productivity per hour worked,Percentage change on previous period,Romania,2025,3.9,p,
ESTAT:TIPSNA70(1.0),26/06/26 23:00:00,Annual,Real labour productivity per hour worked,Percentage change on previous period,Sweden,2021,2.6,,
ESTAT:TIPSNA70(1.0),26/06/26 23:00:00,Annual,Real labour productivity per hour worked,Percentage change on previous period,Sweden,2023,-1.2,,
ESTAT:TIPSNA70(1.0),26/06/26 23:00:00,Annual,Real labour productivity per hour worked,Percentage change on previous period,Sweden,2025,2.5,,
ESTAT:TIPSNA70(1.0),26/06/26 23:00:00,Annual,Real labour productivity per hour worked,Percentage change on previous period,Slovenia,2021,3.0,,
ESTAT:TIPSNA70(1.0),26/06/26 23:00:00,Annual,Real labour productivity per hour worked,Percentage change on previous period,Slovenia,2023,2.3,,
ESTAT:TIPSNA70(1.0),26/06/26 23:00:00,Annual,Real labour productivity per hour worked,Percentage change on previous period,Slovenia,2025,2.8,,
ESTAT:TIPSNA70(1.0),26/06/26 23:00:00,Annual,Real labour productivity per hour worked,Percentage change on previous period,Slovakia,2021,5.6,,
ESTAT:TIPSNA70(1.0),26/06/26 23:00:00,Annual,Real labour productivity per hour worked,Percentage change on previous period,Slovakia,2023,0.9,,
ESTAT:TIPSNA70(1.0),26/06/26 23:00:00,Annual,Real labour productivity per hour worked,Percentage change on previous period,Slovakia,2025,1.6,,
